-- =============================================
-- ADDITIONAL SEED DATA (for data already in db.sql)
-- This file contains records NOT in db.sql
-- Run db.sql first, then this file
-- =============================================

USE `nba_db`;

-- =============================================
-- Additional Users (IDs 3101-3106)
-- =============================================

INSERT INTO `users` (`employee_id`, `username`, `email`, `password_hash`, `role`, `department_id`, `school_id`, `designation`)
VALUES
    (3101, 'Swarup Roy', 'sroy@tezu.ac.in', '$2y$10$JFWmdEz71mDobTeK6xPa6Oh4yCFyMM8hh0nkbO3VKpmoDBIs9vM62', 'faculty', 1, NULL, 'Professor'),
    (3102, 'Nabajyoti Medhi', 'nmedhi@tezu.ac.in', '$2y$10$Z5FzHvo/hPTRuuE6m6mzQOpc3m2IGmO8X4RvY5Rce3rOih/5TuLPS', 'faculty', 1, NULL, 'Professor'),
    (3103, 'Nityananda Sarma', 'nsarma@tezu.ac.in', '$2y$10$2WSdfYzk9mqbGefP1pfzcerN2K11h7tWsWbSrjsKi69G5UsPfVD9e', 'faculty', 1, NULL, 'Professor'),
    (3104, 'Jyotismita Talukdar', 'jt@tezu.ac.in', '$2y$10$I/bgsXaqZa8N2xVFS4COaeDeyt6lbDO1Bpe367uPnn1wtJn0PbMNa', 'faculty', 1, NULL, 'Professor'),
    (3105, 'Rumi Buragohain', 'rb@tezu.ac.in', '$2y$10$Q9VBNxZ9nL1oD3uRj8wE5yS1h7Lk2Nm9Pd0Cz5hR4vXy8Tm6fVB3a', 'faculty', 1, NULL, 'Professor'),
    (3106, 'Bhargav Sarma', 'bs@tezu.ac.in', '$2y$10$K8mP5vXaL2qE4sTj6wF3yU9nD1oB7cN3Ah9Fg8pR2vXy5Zm1eVB0c', 'faculty', 1, NULL, 'Professor');

-- Additional User Phones (for new users)
INSERT INTO `user_phones` (`employee_id`, `phone_number`)
VALUES
    (3102, '6001564896'),
    (3101, '7006494562'),
    (3104, '9564875165'),
    (3105, '7059526154'),
    (3106, '6001549873');

-- =============================================
-- Additional Courses (IDs 9-14)
-- =============================================

INSERT INTO `courses` (`course_id`, `course_code`, `department_id`, `course_name`, `course_type`, `course_level`, `is_active`, `credit`)
VALUES
    (9, 'CS636', 1, 'Computer Vision', 'Theory', 'Postgraduate', 1, 3),
    (10, 'CO315', 1, 'Computer Networks', 'Theory', 'Undergraduate', 1, 3),
    (11, 'CSBT100', 1, 'Programming for Problem Solving', 'Theory', 'Undergraduate', 1, 3),
    (12, 'CO403', 1, 'Project III', 'Theory', 'Undergraduate', 1, 3),
    (13, 'CO314', 1, 'System Software and Compiler Design', 'Theory', 'Undergraduate', 1, 4),
    (14, 'CO206', 1, 'DESIGN AND ANALYSIS OF ALGORITHM', 'Theory', 'Undergraduate', 1, 4);

-- =============================================
-- Additional Course Offerings (IDs 10-15)
-- =============================================

INSERT INTO `course_offerings` (`offering_id`, `course_id`, `year`, `semester`, `co_threshold`, `passing_threshold`, `created_at`, `updated_at`)
VALUES
    (10, 9, 2025, 'Autumn', 40.00, 60.00, '2026-04-27 14:38:34', '2026-04-27 14:38:34'),
    (11, 10, 2025, 'Spring', 30.00, 30.00, '2026-04-27 15:20:09', '2026-04-29 19:52:09'),
    (12, 11, 2025, 'Spring', 50.00, 30.00, '2026-04-27 15:36:49', '2026-04-30 09:03:52'),
    (13, 12, 2025, 'Spring', 40.00, 30.00, '2026-04-27 16:12:05', '2026-04-27 18:47:36'),
    (14, 13, 2025, 'Spring', 50.00, 30.00, '2026-04-30 09:17:02', '2026-04-30 09:17:02'),
    (15, 14, 2025, 'Spring', 50.00, 30.00, '2026-04-30 09:56:58', '2026-04-30 10:10:40');

-- =============================================
-- Additional Faculty Assignments
-- =============================================

INSERT INTO `course_faculty_assignments` (`offering_id`, `employee_id`, `assignment_type`, `assigned_date`, `completion_date`, `is_active`, `created_at`)
VALUES
    (10, 3101, 'Primary', '2026-04-27', NULL, 1, '2026-04-27 14:38:34'),
    (11, 3102, 'Primary', '2026-04-27', NULL, 1, '2026-04-27 15:20:09'),
    (12, 3103, 'Primary', '2026-04-27', NULL, 1, '2026-04-27 15:36:49'),
    (13, 3104, 'Primary', '2026-04-27', '2026-04-28', 0, '2026-04-27 16:12:05'),
    (14, 3105, 'Primary', '2026-04-30', NULL, 1, '2026-04-30 09:17:02'),
    (15, 3106, 'Primary', '2026-04-30', NULL, 1, '2026-04-30 09:56:58');

-- =============================================
-- Additional Tests (IDs 9-29)
-- =============================================

INSERT INTO `tests` (`test_id`, `offering_id`, `test_name`, `test_type`, `test_date`, `weightage`, `full_marks`, `pass_marks`)
VALUES
    (9, 10, 'Test-1', NULL, NULL, NULL, 10, 3),
    (10, 10, 'Mid-Term', NULL, NULL, NULL, 20, 7),
    (11, 11, 'Test-1', NULL, NULL, NULL, 10, 3),
    (12, 12, 'Test-1', NULL, NULL, NULL, 20, 7),
    (13, 13, 'Mid-Term', NULL, NULL, NULL, 25, 8),
    (14, 13, 'End-Term', NULL, NULL, NULL, 75, 25),
    (15, 11, 'Mid-Term', NULL, NULL, NULL, 30, 10),
    (16, 11, 'Test-2', NULL, NULL, NULL, 10, 3),
    (17, 11, 'End-Term', NULL, NULL, NULL, 50, 17),
    (18, 12, 'Mid-Term', NULL, NULL, NULL, 30, 10),
    (19, 12, 'Test-2', NULL, NULL, NULL, 20, 7),
    (20, 12, 'End-Term', NULL, NULL, NULL, 50, 17),
    (21, 14, 'Test-1', NULL, NULL, NULL, 10, 3),
    (22, 14, 'Mid-Term', NULL, NULL, NULL, 30, 10),
    (23, 14, 'Test-2', NULL, NULL, NULL, 10, 3),
    (24, 14, 'End-Term', NULL, NULL, NULL, 50, 17),
    (25, 14, 'Lab', NULL, NULL, NULL, 50, 17),
    (26, 15, 'Test-1', NULL, NULL, NULL, 10, 3),
    (27, 15, 'Mid-Term', NULL, NULL, NULL, 20, 7),
    (28, 15, 'Test-2', NULL, NULL, NULL, 40, 13),
    (29, 15, 'End-Term', NULL, NULL, NULL, 30, 10);

-- =============================================
-- Additional Questions
-- =============================================

INSERT INTO `questions` (`question_id`, `test_id`, `question_number`, `sub_question`, `is_optional`, `co`, `max_marks`)
VALUES
    -- Test 9 (CS636)
    (30, 9, 1, NULL, 0, 1, 1.00),
    (31, 9, 2, NULL, 0, 1, 1.00),
    (32, 9, 3, NULL, 0, 1, 1.00),
    (33, 9, 4, NULL, 0, 2, 1.00),
    (34, 9, 5, NULL, 0, 2, 1.00),
    (35, 9, 6, NULL, 0, 1, 1.00),
    (36, 9, 7, NULL, 0, 2, 1.00),
    (37, 9, 8, NULL, 0, 2, 1.00),
    (38, 9, 9, NULL, 0, 2, 1.00),
    (39, 9, 10, NULL, 0, 2, 1.00),
    -- Test 10 (CS636 Mid-Term)
    (40, 10, 1, NULL, 0, 2, 5.00),
    (41, 10, 2, NULL, 0, 2, 5.00),
    (42, 10, 3, NULL, 0, 2, 5.00),
    (43, 10, 4, NULL, 0, 2, 5.00),
    -- Test 11 (CO315)
    (44, 11, 1, NULL, 0, 1, 10.00),
    -- Test 12 (CSBT100)
    (45, 12, 1, NULL, 0, 1, 11.00),
    (46, 12, 2, NULL, 0, 2, 9.00),
    -- Test 13 (CO403 Mid-Term)
    (47, 13, 1, NULL, 0, 1, 5.00),
    (48, 13, 2, NULL, 0, 2, 5.00),
    (49, 13, 3, NULL, 0, 3, 10.00),
    (50, 13, 4, NULL, 0, 4, 5.00),
    -- Test 14 (CO403 End-Term)
    (51, 14, 1, NULL, 0, 1, 10.00),
    (52, 14, 2, NULL, 0, 2, 15.00),
    (53, 14, 3, NULL, 0, 3, 20.00),
    (54, 14, 4, NULL, 0, 4, 10.00),
    (55, 14, 5, NULL, 0, 5, 20.00),
    -- Test 15 (CO315 Mid-Term)
    (56, 15, 1, NULL, 0, 1, 4.00),
    (57, 15, 2, NULL, 0, 2, 15.00),
    (58, 15, 3, NULL, 0, 3, 11.00),
    -- Test 16 (CO315 Test-2)
    (59, 16, 1, NULL, 0, 4, 10.00),
    -- Test 17 (CO315 End-Term)
    (60, 17, 1, NULL, 0, 2, 35.00),
    (61, 17, 2, NULL, 0, 3, 15.00),
    -- Test 18 (CSBT100 Mid-Term)
    (62, 18, 1, NULL, 0, 2, 6.00),
    (63, 18, 2, NULL, 0, 3, 12.00),
    (64, 18, 3, NULL, 0, 4, 12.00),
    -- Test 19 (CSBT100 Test-2)
    (65, 19, 1, NULL, 0, 3, 10.00),
    (66, 19, 2, NULL, 0, 4, 10.00),
    -- Test 20 (CSBT100 End-Term)
    (67, 20, 1, NULL, 0, 1, 4.00),
    (68, 20, 2, NULL, 0, 2, 8.00),
    (69, 20, 3, NULL, 0, 3, 14.00),
    (70, 20, 4, NULL, 0, 4, 24.00),
    -- Test 21 (CO314 Test-1)
    (71, 21, 1, NULL, 0, 1, 10.00),
    -- Test 22 (CO314 Mid-Term)
    (72, 22, 1, NULL, 0, 1, 11.00),
    (73, 22, 2, NULL, 0, 2, 6.00),
    (74, 22, 3, NULL, 0, 3, 3.00),
    (75, 22, 4, NULL, 0, 4, 5.00),
    (76, 22, 5, NULL, 0, 5, 5.00),
    -- Test 23 (CO314 Test-2)
    (77, 23, 1, NULL, 0, 2, 5.00),
    (78, 23, 2, NULL, 0, 3, 3.00),
    (79, 23, 3, NULL, 0, 4, 2.00);

-- =============================================
-- Additional Students (for new offerings)
-- =============================================

INSERT INTO `students` (`roll_no`, `student_name`, `department_id`, `batch_year`, `student_status`, `email`, `phone`)
VALUES
    ('CSD24001', 'Student 1', 1, 2024, 'Active', NULL, NULL),
    ('CSD24002', 'Student 2', 1, 2024, 'Active', NULL, NULL),
    ('CSD24005', 'Student 5', 1, 2024, 'Active', NULL, NULL),
    ('CSD24007', 'Student 7', 1, 2024, 'Active', NULL, NULL),
    ('CSD24012', 'Student 12', 1, 2024, 'Active', NULL, NULL),
    ('CSD24013', 'Student 13', 1, 2024, 'Active', NULL, NULL),
    ('CSD24018', 'Student 18', 1, 2024, 'Active', NULL, NULL),
    ('CSD24020', 'Student 20', 1, 2024, 'Active', NULL, NULL),
    ('CSD24022', 'Student 22', 1, 2024, 'Active', NULL, NULL),
    ('CSD24024', 'Student 24', 1, 2024, 'Active', NULL, NULL),
    ('CSD24025', 'Student 25', 1, 2024, 'Active', NULL, NULL);

-- =============================================
-- Additional Enrollments
-- =============================================

INSERT INTO `enrollments` (`offering_id`, `enrollment_status`, `enrolled_date`, `student_rollno`, `enrolled_at`)
VALUES
    (10, 'Enrolled', '2026-04-27', 'CSD24001', '2026-04-27 14:38:34'),
    (10, 'Enrolled', '2026-04-27', 'CSD24002', '2026-04-27 14:38:34'),
    (10, 'Enrolled', '2026-04-27', 'CSD24005', '2026-04-27 14:38:34'),
    (10, 'Enrolled', '2026-04-27', 'CSD24007', '2026-04-27 14:38:34'),
    (10, 'Enrolled', '2026-04-27', 'CSD24012', '2026-04-27 14:38:34'),
    (10, 'Enrolled', '2026-04-27', 'CSD24013', '2026-04-27 14:38:34'),
    (10, 'Enrolled', '2026-04-27', 'CSD24018', '2026-04-27 14:38:34'),
    (10, 'Enrolled', '2026-04-27', 'CSD24020', '2026-04-27 14:38:34'),
    (10, 'Enrolled', '2026-04-27', 'CSD24022', '2026-04-27 14:38:34'),
    (10, 'Enrolled', '2026-04-27', 'CSD24024', '2026-04-27 14:38:34'),
    (10, 'Enrolled', '2026-04-27', 'CSD24025', '2026-04-27 14:38:34');

-- =============================================
-- Additional Raw Marks
-- =============================================

INSERT INTO `raw_marks` (`student_id`, `question_id`, `marks_obtained`)
VALUES
    -- Student CSD24001, Test 9
    ('CSD24001', 30, 1.00),
    ('CSD24001', 32, 1.00),
    ('CSD24001', 34, 1.00),
    ('CSD24001', 36, 1.00),
    ('CSD24001', 38, 1.00),
    ('CSD24001', 39, 1.00),
    -- Student CSD24002, Test 9
    ('CSD24002', 30, 0.00),
    ('CSD24002', 31, 0.00),
    ('CSD24002', 32, 0.00),
    ('CSD24002', 33, 0.00),
    ('CSD24002', 34, 0.00),
    ('CSD24002', 35, 0.00),
    ('CSD24002', 36, 0.00),
    ('CSD24002', 37, 0.00),
    ('CSD24002', 38, 0.00),
    ('CSD24002', 39, 0.00),
    -- Student CSD24005, Test 9
    ('CSD24005', 30, 1.00),
    ('CSD24005', 31, 1.00),
    ('CSD24005', 32, 1.00),
    ('CSD24005', 34, 1.00),
    ('CSD24005', 35, 1.00),
    ('CSD24005', 36, 1.00),
    ('CSD24005', 37, 1.00),
    ('CSD24005', 38, 1.00),
    ('CSD24005', 39, 1.00),
    -- Student CSD24007, Test 9
    ('CSD24007', 31, 1.00),
    ('CSD24007', 33, 1.00),
    ('CSD24007', 34, 1.00),
    ('CSD24007', 35, 1.00),
    ('CSD24007', 37, 1.00),
    ('CSD24007', 38, 1.00),
    ('CSD24007', 39, 1.00),
    -- Student CSD24012, Test 9
    ('CSD24012', 30, 1.00),
    ('CSD24012', 31, 1.00),
    ('CSD24012', 32, 1.00),
    ('CSD24012', 33, 1.00),
    ('CSD24012', 34, 1.00),
    ('CSD24012', 35, 1.00),
    ('CSD24012', 36, 1.00),
    -- Student CSD24013, Test 9
    ('CSD24013', 31, 1.00),
    ('CSD24013', 32, 1.00),
    ('CSD24013', 34, 1.00),
    ('CSD24013', 36, 1.00),
    ('CSD24013', 37, 1.00),
    -- Student CSD24018, Test 9
    ('CSD24018', 31, 1.00),
    ('CSD24018', 32, 1.00),
    ('CSD24018', 33, 1.00),
    ('CSD24018', 34, 1.00),
    ('CSD24018', 35, 1.00),
    ('CSD24018', 36, 1.00),
    ('CSD24018', 37, 1.00),
    ('CSD24018', 38, 1.00),
    ('CSD24018', 39, 1.00),
    -- Student CSD24020, Test 9
    ('CSD24020', 31, 1.00);

-- =============================================
-- Additional Marks (CO-aggregated)
-- =============================================

INSERT INTO `marks` (`student_roll_no`, `test_id`, `co_number`, `marks_obtained`)
VALUES
    ('CSD24001', 9, 1, 2.00),
    ('CSD24001', 9, 2, 4.00),
    ('CSD24001', 9, 3, 0.00),
    ('CSD24001', 9, 4, 0.00),
    ('CSD24001', 9, 5, 0.00),
    ('CSD24001', 9, 6, 0.00),
    ('CSD24002', 9, 1, 0.00),
    ('CSD24002', 9, 2, 0.00),
    ('CSD24002', 9, 3, 0.00),
    ('CSD24002', 9, 4, 0.00),
    ('CSD24002', 9, 5, 0.00),
    ('CSD24002', 9, 6, 0.00),
    ('CSD24005', 9, 1, 4.00),
    ('CSD24005', 9, 2, 5.00),
    ('CSD24005', 9, 3, 0.00),
    ('CSD24005', 9, 4, 0.00),
    ('CSD24005', 9, 5, 0.00),
    ('CSD24005', 9, 6, 0.00),
    ('CSD24007', 9, 1, 2.00),
    ('CSD24007', 9, 2, 5.00),
    ('CSD24007', 9, 3, 0.00),
    ('CSD24007', 9, 4, 0.00),
    ('CSD24007', 9, 5, 0.00),
    ('CSD24007', 9, 6, 0.00),
    ('CSD24012', 9, 1, 4.00),
    ('CSD24012', 9, 2, 3.00),
    ('CSD24012', 9, 3, 0.00),
    ('CSD24012', 9, 4, 0.00),
    ('CSD24012', 9, 5, 0.00),
    ('CSD24012', 9, 6, 0.00),
    ('CSD24013', 9, 1, 2.00),
    ('CSD24013', 9, 2, 3.00),
    ('CSD24013', 9, 3, 0.00),
    ('CSD24013', 9, 4, 0.00),
    ('CSD24013', 9, 5, 0.00),
    ('CSD24013', 9, 6, 0.00),
    ('CSD24018', 9, 1, 3.00),
    ('CSD24018', 9, 2, 6.00),
    ('CSD24018', 9, 3, 0.00),
    ('CSD24018', 9, 4, 0.00),
    ('CSD24018', 9, 5, 0.00),
    ('CSD24018', 9, 6, 0.00),
    ('CSD24020', 9, 1, 3.00),
    ('CSD24020', 9, 2, 2.00),
    ('CSD24020', 9, 3, 0.00),
    ('CSD24020', 9, 4, 0.00),
    ('CSD24020', 9, 5, 0.00),
    ('CSD24020', 9, 6, 0.00),
    ('CSD24022', 9, 1, 1.00),
    ('CSD24022', 9, 2, 3.00),
    ('CSD24022', 9, 3, 0.00),
    ('CSD24022', 9, 4, 0.00),
    ('CSD24022', 9, 5, 0.00),
    ('CSD24022', 9, 6, 0.00),
    ('CSD24024', 9, 1, 3.00),
    ('CSD24024', 9, 2, 3.00),
    ('CSD24024', 9, 3, 0.00),
    ('CSD24024', 9, 4, 0.00),
    ('CSD24024', 9, 5, 0.00),
    ('CSD24024', 9, 6, 0.00),
    ('CSD24025', 9, 1, 1.00),
    ('CSD24025', 9, 2, 4.00),
    ('CSD24025', 9, 3, 0.00),
    ('CSD24025', 9, 4, 0.00),
    ('CSD24025', 9, 5, 0.00),
    ('CSD24025', 9, 6, 0.00),
    -- Test 10
    ('CSD24001', 10, 1, 0.00),
    ('CSD24001', 10, 2, 4.00),
    ('CSD24001', 10, 3, 0.00),
    ('CSD24001', 10, 4, 0.00),
    ('CSD24001', 10, 5, 0.00),
    ('CSD24001', 10, 6, 0.00),
    ('CSD24005', 10, 1, 0.00),
    ('CSD24005', 10, 2, 14.00),
    ('CSD24005', 10, 3, 0.00),
    ('CSD24005', 10, 4, 0.00),
    ('CSD24005', 10, 5, 0.00),
    ('CSD24005', 10, 6, 0.00),
    ('CSD24007', 10, 1, 0.00),
    ('CSD24007', 10, 2, 8.00),
    ('CSD24007', 10, 3, 0.00),
    ('CSD24007', 10, 4, 0.00),
    ('CSD24007', 10, 5, 0.00),
    ('CSD24007', 10, 6, 0.00),
    ('CSD24012', 10, 1, 2.00),
    ('CSD24012', 10, 2, 10.00),
    ('CSD24012', 10, 3, 0.00),
    ('CSD24012', 10, 4, 0.00),
    ('CSD24012', 10, 5, 0.00),
    ('CSD24012', 10, 6, 0.00),
    ('CSD24013', 10, 1, 0.00),
    ('CSD24013', 10, 2, 12.00),
    ('CSD24013', 10, 3, 0.00),
    ('CSD24013', 10, 4, 0.00),
    ('CSD24013', 10, 5, 0.00),
    ('CSD24013', 10, 6, 0.00);

-- =============================================
-- Additional CO-PO Mappings (for offerings 11-15)
-- =============================================

INSERT INTO `co_po_mapping` (`offering_id`, `co_number`, `po_name`, `value`)
VALUES
    -- Offering 11 (CO315)
    (11, 1, 'PO1', 2),
    (11, 2, 'PO1', 2),
    (11, 2, 'PO2', 2),
    (11, 2, 'PO3', 1),
    (11, 2, 'PO5', 2),
    (11, 2, 'PO6', 1),
    (11, 2, 'PO12', 1),
    (11, 3, 'PO1', 1),
    (11, 3, 'PO2', 2),
    (11, 3, 'PO3', 2),
    (11, 3, 'PO4', 2),
    (11, 3, 'PO7', 1),
    (11, 3, 'PO8', 1),
    (11, 3, 'PSO2', 2),
    (11, 4, 'PO1', 3),
    (11, 4, 'PO2', 2),
    (11, 4, 'PO3', 2),
    (11, 4, 'PO5', 2),
    (11, 4, 'PO12', 1),
    (11, 5, 'PO1', 2),
    (11, 5, 'PO2', 1),
    (11, 5, 'PO3', 1),
    (11, 5, 'PSO1', 1),
    (11, 5, 'PSO2', 1),
    -- Offering 12 (CSBT100)
    (12, 1, 'PO1', 2),
    (12, 1, 'PO2', 2),
    (12, 1, 'PO3', 1),
    (12, 1, 'PO4', 1),
    (12, 1, 'PO5', 2),
    (12, 1, 'PO6', 1),
    (12, 1, 'PO12', 1),
    (12, 1, 'PSO1', 2),
    (12, 1, 'PSO2', 2),
    (12, 2, 'PO1', 3),
    (12, 2, 'PO2', 2),
    (12, 2, 'PO3', 2),
    (12, 2, 'PO5', 1),
    (12, 2, 'PO12', 1),
    (12, 2, 'PSO1', 3),
    (12, 2, 'PSO2', 2),
    (12, 3, 'PO1', 2),
    (12, 3, 'PO2', 3),
    (12, 3, 'PO3', 2),
    (12, 3, 'PO5', 2),
    (12, 3, 'PO12', 1),
    (12, 3, 'PSO1', 3),
    (12, 3, 'PSO2', 3),
    (12, 4, 'PO1', 2),
    (12, 4, 'PO2', 2),
    (12, 4, 'PO3', 2),
    (12, 4, 'PO4', 2),
    (12, 4, 'PO5', 3),
    (12, 4, 'PSO1', 2),
    (12, 4, 'PSO2', 3),
    (12, 5, 'PO1', 1),
    (12, 5, 'PO2', 2),
    (12, 5, 'PO3', 1),
    (12, 5, 'PO4', 1),
    (12, 5, 'PO5', 2),
    (12, 5, 'PSO1', 1),
    (12, 5, 'PSO2', 2),
    -- Offering 13 (CO403)
    (13, 1, 'PO1', 2),
    (13, 1, 'PO2', 2),
    (13, 1, 'PO3', 3),
    (13, 1, 'PO4', 2),
    (13, 1, 'PO5', 3),
    (13, 1, 'PO6', 2),
    (13, 1, 'PO7', 2),
    (13, 1, 'PO8', 3),
    (13, 1, 'PO9', 3),
    (13, 1, 'PO10', 1),
    (13, 1, 'PO11', 2),
    (13, 1, 'PO12', 2),
    (13, 1, 'PSO1', 2),
    (13, 1, 'PSO2', 3),
    (13, 2, 'PO1', 2),
    (13, 2, 'PO2', 3),
    (13, 2, 'PO3', 2),
    (13, 2, 'PO4', 3),
    (13, 2, 'PO6', 2),
    (13, 2, 'PO7', 2),
    (13, 2, 'PO9', 3),
    (13, 2, 'PO11', 2),
    (13, 2, 'PO12', 2),
    (13, 2, 'PSO1', 2),
    (13, 2, 'PSO2', 2),
    (13, 2, 'PSO3', 1),
    (13, 3, 'PO1', 3),
    (13, 3, 'PO2', 3),
    (13, 3, 'PO3', 3),
    (13, 3, 'PO4', 2),
    (13, 3, 'PO5', 2),
    (13, 3, 'PO6', 2),
    (13, 3, 'PO7', 2),
    (13, 3, 'PO9', 3),
    (13, 3, 'PO11', 2),
    (13, 3, 'PO12', 2),
    (13, 3, 'PSO1', 2),
    (13, 3, 'PSO2', 2),
    (13, 3, 'PSO3', 2),
    (13, 4, 'PO1', 1),
    (13, 4, 'PO2', 1),
    (13, 4, 'PO3', 1),
    (13, 4, 'PO4', 1),
    (13, 4, 'PO8', 3),
    (13, 4, 'PO9', 3),
    (13, 4, 'PO10', 3),
    (13, 4, 'PO11', 3),
    (13, 4, 'PO12', 2),
    (13, 4, 'PSO1', 1),
    (13, 4, 'PSO2', 1),
    (13, 5, 'PO1', 1),
    (13, 5, 'PO3', 1),
    (13, 5, 'PO4', 2),
    (13, 5, 'PO5', 3),
    (13, 5, 'PO6', 2),
    (13, 5, 'PO7', 2),
    (13, 5, 'PO9', 3),
    (13, 5, 'PO11', 2),
    (13, 5, 'PO12', 3),
    (13, 5, 'PSO1', 2),
    (13, 5, 'PSO2', 2),
    -- Offering 14 (CO314)
    (14, 1, 'PO1', 3),
    (14, 1, 'PO2', 2),
    (14, 1, 'PO3', 1),
    (14, 1, 'PO5', 2),
    (14, 1, 'PO12', 1),
    (14, 2, 'PO1', 2),
    (14, 2, 'PO2', 3),
    (14, 2, 'PO3', 2),
    (14, 2, 'PO5', 2),
    (14, 2, 'PSO1', 3),
    (14, 2, 'PSO2', 1),
    (14, 3, 'PO1', 2),
    (14, 3, 'PO2', 2),
    (14, 3, 'PO3', 3),
    (14, 3, 'PO4', 2),
    (14, 3, 'PSO1', 2),
    (14, 3, 'PSO2', 2),
    (14, 4, 'PO1', 1),
    (14, 4, 'PO2', 2),
    (14, 4, 'PO3', 1),
    (14, 4, 'PO5', 3),
    (14, 4, 'PO12', 2),
    (14, 5, 'PO1', 2),
    (14, 5, 'PO2', 2),
    (14, 5, 'PO3', 2),
    (14, 5, 'PO4', 1),
    (14, 5, 'PO5', 2),
    (14, 5, 'PSO1', 2),
    (14, 5, 'PSO2', 2),
    -- Offering 15 (CO206)
    (15, 1, 'PO1', 3),
    (15, 1, 'PO2', 2),
    (15, 1, 'PO3', 2),
    (15, 1, 'PO5', 2),
    (15, 1, 'PO12', 2),
    (15, 1, 'PSO1', 3),
    (15, 1, 'PSO2', 2),
    (15, 2, 'PO1', 3),
    (15, 2, 'PO2', 3),
    (15, 2, 'PO3', 2),
    (15, 2, 'PO5', 2),
    (15, 2, 'PSO1', 3),
    (15, 2, 'PSO2', 2),
    (15, 3, 'PO1', 3),
    (15, 3, 'PO2', 2),
    (15, 3, 'PO3', 3),
    (15, 3, 'PO4', 2),
    (15, 3, 'PSO1', 2),
    (15, 3, 'PSO2', 3),
    (15, 4, 'PO1', 2),
    (15, 4, 'PO2', 2),
    (15, 4, 'PO3', 2),
    (15, 4, 'PO5', 3),
    (15, 4, 'PO12', 1),
    (15, 4, 'PSO1', 2),
    (15, 4, 'PSO2', 2);

-- =============================================
-- Additional Attainment Scales
-- =============================================

INSERT INTO `attainment_scale` (`offering_id`, `level`, `min_percentage`)
VALUES
    (11, 3, 70.00),
    (11, 2, 60.00),
    (11, 1, 50.00),
    (12, 3, 70.00),
    (12, 2, 60.00),
    (12, 1, 50.00),
    (14, 3, 70.00),
    (14, 2, 60.00),
    (14, 1, 50.00),
    (15, 3, 70.00),
    (15, 2, 60.00),
    (15, 1, 50.00);

-- =============================================
-- VERIFICATION
-- =============================================

SELECT 'Additional Data Imported Successfully!' AS `status`;